movie-name,year-of-release,trailer,movie
dedh_ishqiya,2014,1,0
love_sex_aur_dhokha,2010,1,0
newton,2017,1,0
band_baaja_baaraat,2010,1,0
the_blueberry_hunt,2016,1,0
tum_mile,2009,1,0
chal_pichchur_banate_hai,2012,1,0
second_half_husband,2015,1,0
mumbai_meri_jaan,2008,1,0
super_model,2013,1,0
listen_amaya,2013,1,0
ki_&_ka,2016,1,0
karma_aur_holi,2009,1,0
raanjhanaa,2013,1,0
talvar,2015,1,0
jhootha_hi_sahi,2010,1,0
thank_you,2011,1,0
riyasat,2014,1,0
katti_batti,2015,1,0
loot,2011,1,0
himmatwala,2013,1,0
a_flying_jatt,2016,1,0
mallika,2010,1,0
ajab_gazabb_love,2012,1,0
mangal_ho,2017,1,0
saare_jahaan_se_mehnga,2013,1,0
joker,2012,1,0
7_khoon_maaf,2011,1,0
bhanwarey,2017,1,0
omerta,2017,1,0
ankhon_dekhi,2014,1,0
raees,2017,1,0
manjunath,2014,1,0
cigarette_ki_tarah,2012,1,0
mubarakan,2017,1,0
dangerous_ishq,2012,1,0
luv_shuv_tey_chicken_khurana,2012,1,0
masaan,2015,1,0
kaalakaandi,2017,1,0
toonpur_ka_super_hero,2010,1,0
main_aur_charles,2015,1,0
we_are_family,2010,1,0
the_shaukeens,2014,1,0
ramaiya_vastavaiya,2013,1,0
dekh_tamasha_dekh,2014,1,0
noor,2017,1,0
kurbaan,2009,1,0
i_don't_luv_u,2013,1,0
ranchi_diaries,2017,1,0
black_and_white,2008,1,0
lootera,2013,1,0
chef,2017,1,0
tum_bin_2,2016,1,0
rebellious_flower,2016,1,0
agent_vinod,2012,1,0
laali_ki_shaadi_mein_laaddoo_deewana,2017,1,0
love_you_family,2017,1,0
fugly,2014,1,0
mumbai_125_km_,2014,1,0
kuch_kuch_locha_hai,2015,1,0
robot,2010,1,0
patiala_house,2011,1,0
nh10,2015,1,0
super_nani,2014,1,0
ungli,2014,1,0
saheb_biwi_aur_gangster,2011,1,0
yeh_faasley,2011,1,0
straight,2009,1,0
teraa_surroor,2016,1,0
no_one_killed_jessica,2011,1,0
hunterrr,2015,1,0
the_lunchbox,2013,1,0
zed_plus,2014,1,0
rang_rasiya,2014,1,0
zokkomon,2011,1,0
shahrukh_bola_"khoobsurat_hai_tu",2010,1,0
shakal_pe_mat_ja,2011,1,0
99,2009,1,0
fan,2016,1,0
all_the_best:_fun_begins,2009,1,0
jagga_jasoos,2017,1,0
luck,2009,1,0
hawaa_hawaai,2014,1,0
dil_dhadakne_do,2015,1,0
raag_desh:_birth_of_a_nation,2017,1,0
hamari_adhuri_kahani,2015,1,0
lingaa,2014,1,0
yamla_pagla_deewana_2,2013,1,0
kahaani,2012,1,0
bewakoofiyaan,2014,1,0
stanley_ka_dabba,2011,1,0
shor_in_the_city,2011,1,0
luv_u_alia,2016,1,0
gori_tere_pyaar_mein,2013,1,0
dehraadumm_diary,2013,1,0
jolly_llb_2,2017,1,0
patel_ki_punjabi_shaadi,2017,1,0
chhodo_kal_ki_baatein,2012,1,0
quick_gun_murugun,2009,1,0
station:_the_flim,2014,1,0
freaky_ali,2016,1,0
chauhar,2017,1,0
poorna:_courage_has_no_limit,2017,1,0
mukti_bhawan,2017,1,0
meri_pyaari_bindu,2017,1,0
the_silent_heroes,2015,1,0
de_dana_dan,2009,1,0
pyaar_ka_punchname_2,2015,1,0
action_jackson,2014,1,0
prague,2013,1,0
blood_money,2012,1,0
neerja,2016,1,0
commando_2,2017,1,0
rokkk,2010,1,0
befikre,2016,1,0
saat_uchakkey,2016,1,0
bandook,2013,1,0
what's_your_rashee?,2009,1,0
yeh_dooriyan,2011,1,0
guzaarish,2010,1,0
rock_on!!,2008,1,0
khiladi_786,2012,1,0
moh_maya_money,2016,1,0
valentine's_night,2012,1,0
rahasya,2015,1,0
saansein,2016,1,0
badmaash_company,2010,1,0
mantostaan,2017,1,0
international_hero,2015,1,0
dum_laga_ke_haisha,2015,1,0
mohenjo_daro,2016,1,0
phobia,2016,1,0
kushti,2010,1,0
double_dhamaal,2011,1,0
mere_genie_uncle,2015,1,0
bin_bulaye_baraati,2011,1,0
mere_brother_in_dulhan,2011,1,0
phoonk_2,2010,1,0
coffee_bloom,2015,1,0
3_a,2014,1,0
teen_patti,2010,1,0
rangoon,2017,1,0
that_girl_in_yellow_boots,2011,1,0
parmanu:_the_story_of_pokhran,2017,1,0
singh_is_bliing,2015,1,0
hello_darling,2010,1,0
dhoom_3,2013,1,0
bajatey_raho,2013,1,0
kochadaiiyaan,2014,1,0
ek_main_aur_ekk_tu,2012,1,0
dil_bole_hadippa!,2009,1,0
prem_ratan_dhan_payo,2015,1,0
crazy_cukkad_family,2015,1,0
baar_baar_dekho,2016,1,0
ek_thi_rani_aisi_bhi,2017,1,0
ek_second,2010,1,0
naam_shabana,2017,1,0
chor_chor_super_chor,2013,1,0
jail,2009,1,0
ishqiya,2010,1,0
shaapit,2010,1,0
fredrick,2016,1,0
table_no,2013,1,0
aiyyaa,2012,1,0
striker,2010,1,0
jab_tak_hai_jaan,2012,1,0
gunday,2014,1,0
inkaar,2013,1,0
david,2013,1,0
jalpari:_the_desert_mermaid,2012,1,0
main_tera_hero,2014,1,0
tamanchey,2014,1,0
rolling_dream,2015,1,0
do_dooni_chaar,2010,1,0
tere_naal_love_ho_gaya,2012,1,0
bachche_kachche_sachche,2017,1,0
chal_guru_ho_ja_shuru,2015,1,0
krrish_3,2013,1,0
what_the_fish,2013,1,0
3g,2013,1,0
sabki_bajegi_band,2015,1,0
phata_poster_nikla_hero,2013,1,0
maazii,2013,1,0
united_six,2011,1,0
darr_@_the_mall,2014,1,0
purani_jeans,2014,1,0
p_se_pm_tak,2015,1,0
margarita_with_a_straw,2015,1,0
babumoshai_bandookbaaz,2017,1,0
main_aur_mr,2014,1,0
raaz_reboot,2016,1,0
toilet:_ek_prem_katha,2017,1,0
love_games,2016,1,0
maalik_ek,2010,1,0
singham_returns,2014,1,0
aakrosh,2010,1,0
rough_book,2016,1,0
madras_cafe,2013,1,0
khelein_hum_jee_jaan_sey,2010,1,0
bhindi_baazaar_inc,2011,1,0
raman_raghav_2,2016,1,0
kambakkht_ishq,2009,1,0
the_rally,2017,1,0
kaccha_limbo,2011,1,0
billu,2009,1,0
udaan,2010,1,0
jai_gangaajal,2016,1,0
mad_about_dance,2014,1,0
kaminey,2009,1,0
mumbai_can_dance_saala,2015,1,0
love_u,2011,1,0
pizza,2014,1,0
queen,2014,1,0
uvaa,2015,1,0
roy,2015,1,0
wanted,2009,1,0
the_ghazi_attack,2017,1,0
kuku_mathur_ki_jhand_ho_gayi,2014,1,0
junooniyat,2016,1,0
jodhaa_akbar,2008,1,0
kuchh_luv_jaisaa,2011,1,0
hero,2015,1,0
8_x_10_tasveer,2009,1,0
fruit_and_nut,2009,1,0
samrat_&_co,2014,1,0
agyaat,2009,1,0
lahore,2010,1,0
golmaal_3,2010,1,0
nil_battey_sannata,2016,1,0
d_day,2013,1,0
tanu_weds_manu_returns,2015,1,0
humpty_sharma_ki_dulhania,2014,1,0
dangal,2016,1,0
a_wednesday!,2008,1,0
badlapur,2015,1,0
take_it_easy,2015,1,0
halg_girlfriend,2017,1,0
bumber_draw,2015,1,0
main_krishna_hoon,2013,1,0
rascals,2011,1,0
a_flat,2010,1,0
shortkut,2009,1,0
bhoothnath_returns,2014,1,0
murder_3,2013,1,0
jumbo,2008,1,0
from_sydney_with_love,2012,1,0
kisaan,2009,1,0
do_lafzon_ki_kahani,2016,1,0
piku,2015,1,0
impatient_vivek,2011,1,0
kaptaan,2016,1,0
ek_pahel_leela,2015,1,0
hanuman:_da'_damdaar,2017,1,0
teri_meri_kahaani,2012,1,0
happy_bhaag_jayegi,2016,1,0
munna_michael,2017,1,0
yeh_hai_bakrapur,2014,1,0
w,2014,1,0
mirzya,2016,1,0
kyaa_super_kool_hai_hum,2012,1,0
shortcut_safari,2016,1,0
dum_maaro_dum,2011,1,0
bareilly_ki_barfi,2017,1,0
mere_baap_pehle_aap,2008,1,0
ok_jaanu,2017,1,0
raavan,2010,1,0
paathshaala,2010,1,0
aligarh,2016,1,0
knock_out,2010,1,0
abhinay_chakra,2014,1,0
fuddu,2016,1,0
siddharth,2013,1,0
login,2012,1,0
angry_indian_goddesses,2015,1,0
delhi_safari,2012,1,0
shagird,2011,1,0
shabhri,2011,1,0
yaara_silly_silly,2015,1,0
shirin_farhad_ki_toh_nikal_padi,2012,1,0
once_upon_a_time_in_mumbai,2010,1,0
chalo_dilli,2011,1,0
veerappan,2016,1,0
poster_boys,2017,1,0
aagey_se_right,2009,1,0
judwaa_2,2017,1,0
tum_milo_toh_sahi,2010,1,0
gurgaon,2017,1,0
sorry_daddy,2015,1,0
1920_london,2016,1,0
dear_dad,2016,1,0
let's_dance,2009,1,0
shudhh_desi_romance,2013,1,0
delhi,2009,1,0
good_luck!,2008,1,0
radio,2009,1,0
bullett_raja,2013,1,0
tiger_zinda_hai,2017,1,0
ishqedarriyaan,2015,1,0
traffic,2016,1,0
motu_patlu:_king_of_kings,2016,1,0
paan_singh_tomar,2012,1,0
dishkiyaoon,2014,1,0
aashayein,2010,1,0
maximum,2012,1,0
m,2016,1,0
dharam_sankat_mein,2015,1,0
milenge_milenge,2010,1,0
naughty_@_40,2011,1,0
mr,2015,1,0
daddy_cool,2009,1,0
right_yaaa_wrong,2010,1,0
happy_new_year,2014,1,0
superstar,2008,1,0
nautanki_saala,2013,1,0
azhar,2016,1,0
tere_bin_laden,2010,1,0
tevar,2015,1,0
the_hangman,2010,1,0
mehbooba,2008,1,0
my_friend_pinto,2011,1,0
saala_khadoos,2016,1,0
say_yes_to_love,2012,1,0
irada,2017,1,0
ferrari_ki_sawaari,2012,1,0
gumnaam_,2008,1,0
phantom,2015,1,0
don_2:_the_chase_continues,2011,1,0
bhindi_baazaar_inc,2010,1,0
dasvidaniya,2008,1,0
paranthe_wali_gali,2014,1,0
airlift,2016,1,0
gulaal,2009,1,0
anaarkali_of_aarah,2017,1,0
2_states,2014,1,0
indu_sarkar,2017,1,0
mirch,2010,1,0
chakallaspur,2017,1,0
ok_mein_dhokhe,2016,1,0
badlapur_boys,2014,1,0
will_you_marry_me?,2012,1,0
bittoo_boss,2012,1,0
jab_harry_met_sejal,2017,1,0
ajab_prem_ki_ghazab_kahani,2009,1,0
trapped,2017,1,0
break_ke_baad,2010,1,0
the_film_emotional_atyachar,2010,1,0
madaari,2016,1,0
summer_2007,2008,1,0
guest_in_london,2017,1,0
dabangg,2010,1,0
sixteen,2013,1,0
sanam_teri_kasam,2016,1,0
badmashiyaan,2015,1,0
kick,2014,1,0
romeo,2013,1,0
tezz,2012,1,0
kill_dil,2014,1,0
sarkar_3,2017,1,0
fireflies,2014,1,0
detective_byomkesh_bakhsy,2015,1,0
atithi_tum_kab_jaoge?,2010,1,0
wazir,2016,1,0
tere_bin_laden:_dead_or_alive,2016,1,0
titli,2015,1,0
horror_story,2013,1,0
dishoom,2016,1,0
dabangg_2,2012,1,0
rush,2012,1,0
zindagi_na_milegi_dobara,2011,1,0
yeh_saali_zindagi,2011,1,0
woodstock_villa,2008,1,0
chance_pe_dance,2010,1,0
haal,2008,1,0
kapoor_&_sons,2016,1,0
shanghai,2012,1,0
phoonk,2008,1,0
jeena_isi_ka_naam_hai,2017,1,0
dhanak,2016,1,0
khoobsurat,2014,1,0
click,2010,1,0
makkhi,2012,1,0
ghajini,2008,1,0
dolly_ki_doli,2015,1,0
hindi_medium,2017,1,0
issaq,2013,1,0
phhir,2011,1,0
ship_of_theseus,2013,1,0
haseena_parkar,2017,1,0
dobaara:_see_your_evil,2017,1,0
g_kutta_se,2017,1,0
aazaan,2011,1,0
m_cream,2016,1,0
ajab_singh_ki_gajab_kahani,2017,1,0
abcd_2,2015,1,0
vaada_raha,2009,1,0
the_legend_of_michael_mishra,2016,1,0
lafangey_parindey,2010,1,0
miss_lovely,2014,1,0
warning,2011,1,0
chaalis_chauraasi_4084,2012,1,0
zanjeer,2013,1,0
total_siyapaa,2014,1,0
rab_ne_bana_di_jodi,2008,1,0
court,2015,1,0
honour_killing,2014,1,0
aa_dekhen_zara,2009,1,0
commando,2013,1,0
laal_rang,2016,1,0
msg:_the_messenger,2015,1,0
global_baba,2016,1,0
force_2,2016,1,0
turning_30!!,2011,1,0
i_love_desi,2015,1,0
sholay_3d,2014,1,0
ek_tera_saath,2016,1,0
b,2013,1,0
shubh_mangal_savdhan,2017,1,0
404,2011,1,0
love_aaj_kal,2009,1,0
maharathi,2008,1,0
rakta_charitra_,2010,1,0
meerbai_not_out,2008,1,0
guddu_rangeela,2015,1,0
ya_rab,2014,1,0
7_hours_to_go,2016,1,0
luckhnowi_ishq,2015,1,0
talaash,2012,1,0
yeh_jawaani_hai_deewani,2013,1,0
mastizaade,2016,1,0
om,2014,1,0
life_is_beautiful!,2014,1,0
road,_movie,2010,1,0
saanjh,2017,1,0
parched,2016,1,0
anamika,2008,1,0
raajneeti,2010,1,0
barfi!,2012,1,0
sweetiee_weds_nri,2017,1,0
hate_story_2,2014,1,0
payback,2010,1,0
chalk_n_duster,2016,1,0
bhoomi,2017,1,0
happy_husbands,2011,1,0
holiday,2014,1,0
pyaar_impossible!,2010,1,0
dhobi_ghat,2011,1,0
ek_thi_daayan,2013,1,0
finding_fanny,2014,1,0
buddhah_hoga_tera_baap,2011,1,0
secret_superstar,2017,1,0
acid_factory,2009,1,0
halla_bol,2008,1,0
guddu_ki_gun,2015,1,0
great_grand_masti,2016,1,0
msg:_the_warrior_lion_heart,2016,1,0
baahubali,2015,1,0
direct_ishq,2016,1,0
maan_gaye_mughal,2008,1,0
jayantabhai_ki_luv_story,2013,1,0
meri_dad_ki_maruti,2013,1,0
dev,2009,1,0
rockstar,2011,1,0
matru_ki_bijlee_ka_mandola,2013,1,0
delhi_belly,2011,1,0
kites,2010,1,0
waiting,2016,1,0
tubelight,2017,1,0
housefull,2010,1,0
tanu_weds_manu,2011,1,0
fitoor,2016,1,0
mardaani,2014,1,0
desi_kattey,2014,1,0
tahaan,2008,1,0
love_in_bombay,2013,1,0
sharafat_gayi_tel_lene,2015,1,0
no_problem,2010,1,0
sahi_dhandhe_galat_bande,2011,1,0
hindi_ka_napak_ko_jawab:_msg_lion_heart_2,2017,1,0
jackpot,2013,1,0
chaar_sahibzaade:_rise_of_banda_singh_bahadur,2016,1,0
ishq_ke_parindey,2015,1,0
gabbar_is_back,2015,1,0
mary_kom,2014,1,0
contract,2008,1,0
332_mumbai_to_india,2010,1,0
island_city,2016,1,0
u_me_aur_hum,2008,1,0
babu_ji_ek_ticket_bambai,2017,1,0
yea_toh_two_much_ho_gayaa,2016,1,0
angry_young_man,2014,1,0
zubaan,2016,1,0
lakshmi,2014,1,0
dil_kabaddi,2008,1,0
agneepath,2012,1,0
dilliwali_zaalim_girlfriend,2015,1,0
shorgul,2016,1,0
singh_is_kinng,2008,1,0
satya_2,2013,1,0
golmaal_again,2017,1,0
raja_natwarlal,2014,1,0
firangi,2017,1,0
i_am_kalam,2011,1,0
welcome_to_sajjanpur,2008,1,0
main_hoon_rajinikanth,2015,1,0
kaagaz_ke_fools,2015,1,0
i,_me,_aur_main,2013,1,0
yeh_hai_india,2017,1,0
coffee_with_d,2017,1,0
sanam_re,2016,1,0
revolver_rani,2014,1,0
love_story_2050,2008,1,0
calender_girls,2015,1,0
partition_1947,2017,1,0
fashion,2008,1,0
jannat_2,2012,1,0
santa_banta_pvt_ltd,2016,1,0
kahaani_2,2016,1,0
rowdy_rathore,2012,1,0
zid,2014,1,0
yuvvraaj,2008,1,0
main_aurr_mrs_khanna,2009,1,0
msg,2015,1,0
sonali_cable,2014,1,0
jai_ho,2014,1,0
shandaar,2015,1,0
red_alert:_the_war_within,2010,1,0
koyelaanchal,2014,1,0
highway,2014,1,0
6_,2014,1,0
kamaal_dhamaal_malamaal,2012,1,0
love_you_to_death,2012,1,0
nh,2015,1,0
city_lights,2014,1,0
kaabil,2017,1,0
chase,2010,1,0
mumbai_delhi_mumbai,2014,1,0
dhoondte_reh_jaoge,2009,1,0
thodi_thodi_si_manmaaniyan,2017,1,0
haider,2014,1,0
dear_zindagi,2016,1,0
charlie_kay_chakkar_mein,2015,1,0
sulemani_keeda,2014,1,0
fukrey,2013,1,0
padmavati,2017,1,0
daddy,2017,1,0
shab,2017,1,0
welcome_2_karachi,2015,1,0
saheb,_biwi_aur_gangster_returns,2013,1,0
baadshaho,2017,1,0
ishaqzaade,2012,1,0
pink,2016,1,0
diwangi_ne_had_kar_di,2010,1,0
babloo_happy_hai,2014,1,0
hasee_toh_phasee,2014,1,0
kai_po_che!,2013,1,0
hum_tum_aur_ghost,2010,1,0
zor_lagaa_ke,2009,1,0
chinar_daastaan,2015,1,0
prem_kaa_game,2010,1,0
kismat_konnection,2008,1,0
the_xpose,2014,1,0
race,2008,1,0
yeh_khula_aasmaan,2012,1,0
raabta,2017,1,0
shamitabh,2015,1,0
ragini_mms_2,2014,1,0
mona_darling,2017,1,0
maatr,2017,1,0
memories_in_march,2011,1,0
dunno_y,2010,1,0
i_love_ny,2015,1,0
chashme_baddoor,2013,1,0
hello,2008,1,0
the_japanese_wife,2010,1,0
dee_saturday_night,2014,1,0
ishq_forever,2016,1,0
zilla_ghaziabad,2013,1,0
help,2010,1,0
one_night_stand,2016,1,0
bazaar,2014,1,0
rakta_charitra,2010,1,0
war_chhod_na_yaar,2013,1,0
amit_sahni_ki_list,2014,1,0
nakshatra,2010,1,0
satyagraha,2013,1,0
hum_hai_teen_khurafaati,2014,1,0
tamasha,2015,1,0
crook,2010,1,0
masuam,2011,1,0
chennai_express,2013,1,0
i_am,2011,1,0
ready,2011,1,0
balwinder_singh_famous_ho_gaya,2014,1,0
lekar_hum_deewana_dil,2014,1,0
chargesheet,2011,1,0
life_mein_twist_hai,2014,1,0
mujhse_fraaandship_karoge,2011,1,0
kya_kool_hain_hum_3,2016,1,0
rajjo,2013,1,0
daawat,2014,1,0
oh_my_god,2012,1,0
mirza_juuliet,2017,1,0
a_gentleman,2017,1,0
golliyon_ki_rasleela_ram,2013,1,0
chakravyuh,2012,1,0
wedding_pullav,2015,1,0
life_partner,2009,1,0
mr_joe_b,2014,1,0
four_pillars_of_basement,2015,1,0
gippi,2013,1,0
rann,2010,1,0
special_26,2013,1,0
buddha_in_a_traffic_jam,2016,1,0
miss_tanakpur_haazir_ho,2015,1,0
humshakals,2014,1,0
umrika,2016,1,0
ramayana:_the_epic,2010,1,0
rock_on_2,2016,1,0
love_shagun,2016,1,0
chaar_sahibzaade,2014,1,0
romeo,2017,1,0
fever,2016,1,0
ghayal_once_again,2016,1,0
pankh,2010,1,0
ek_haseena_thi_ek_deewana_tha,2017,1,0
u_r_my_jaan,2011,1,0
i_hate_luv_storys,2010,1,0
anjaana_anjaani,2010,1,0
jeena_hai_toh_thok_daal,2012,1,0
enemmy,2013,1,0
jaana_kahan_se_aayi_hai,2010,1,0
baahubali_2:_the_conclusion,2017,1,0
paisa_ho_paisa,2015,1,0
ugly_aur_pagli,2008,1,0
te3n,2016,1,0
vicky_donor,2012,1,0
beiimaan_love,2016,1,0
mein_terrorist_nahi_hoon,2017,1,0
phir_kabhi,2009,1,0
3_idiots,2009,1,0
the_dirty_picture,2011,1,0
f,2011,1,0
bombay_talkies,2013,1,0
golmaal_returns,2008,1,0
ek_tha_tiger,2012,1,0
bachna_ae_haseeno,2008,1,0
accident_on_hill_road,2009,1,0
mumbai_mast_kallander,2011,1,0
gulaab_gang,2014,1,0
bajrangi_bhaijaan,2015,1,0
tashan,2008,1,0
saas_bahu_aur_sensex,2008,1,0
always_kabhi_kabhi,2011,1,0
ek_villain,2014,1,0
bhoot_returns,2012,1,0
race_2,2013,1,0
jai_jawaan_jai_kisaan,2015,1,0
calapor,2013,1,0
rangrezz,2013,1,0
mera_shadi_karao,2013,1,0
one_by_two,2014,1,0
gangs_of_ghosts,2014,1,0
bheja_fry_2,2011,1,0
ladies_vs_ricky_bahl,2011,1,0
singh_saab_the_great,2013,1,0
sarbjit,2016,1,0
hostel,2011,1,0
bloody_isshq,2013,1,0
filmistaan,2014,1,0
jigariyaa,2014,1,0
?_:_a_question_mark,2012,1,0
warrior_savitri,2016,1,0
dear_maya,2017,1,0
haramkhor,2017,1,0
peepli_live,2010,1,0
machine,2017,1,0
sooper_se_ooper,2013,1,0
baaghi,2016,1,0
chillar_party,2011,1,0
force,2011,1,0
chandni_chowk_to_china,2009,1,0
runningshaadi,2017,1,0
tumhari_sulu,2017,1,0
yaariyan,2014,1,0
ghanchakkar,2013,1,0
tera_kya_hoga_johny,2010,1,0
thoda_pyaar_thoda_magic,2008,1,0
not_a_love_story,2011,1,0
badrinath_ki_dulhania,2017,1,0
heros,2008,1,0
akaash_vani,2013,1,0
khel_toh_ab_shuru_hoga,2016,1,0
kya_dilli_kya_lahore,2014,1,0
baat_ban_gayi,2013,1,0
ishkq_in_paris,2013,1,0
meeruthiya_gangster,2015,1,0
bumboo,2012,1,0
sukhmani,2010,1,0
rocky_handsome,2016,1,0
bhaag_johny,2015,1,0
bodyguard,2011,1,0
khatta_meetha,2010,1,0
31st_october,2016,1,0
children_of_war,2014,1,0
luv_ka_the_end,2011,1,0
wedding_anniversary,2017,1,0
via_darjeeling,2008,1,0
102_not_out,2017,1,0
department,2012,1,0
khwaabb,2014,1,0
pk,2014,1,0
wah_taj,2014,1,0
vishwaroop,2013,1,0
prakash_electronic,2017,1,0
policegiri,2013,1,0
lucknow_central,2017,1,0
wah_taj,2016,1,0
bezubaan_ishq,2015,1,0
creature,2014,1,0
fukrey_returns,2017,1,0
jd,2017,1,0
o_teri,2014,1,0
ugly,2014,1,0
ek_vivaah,2008,1,0
shaurya,2008,1,0
alone,2015,1,0
jattu_engineer,2017,1,0
once_upon_a_time_in_bihar,2015,1,0
ada,2010,1,0
apartment_2,2010,1,0
bank_chor,2017,1,0
bombay_to_bangkok,2008,1,0
jo_hum_chalein,2011,1,0
wajah_tum_ho,2016,1,0
it's_a_wonderful_afterlife,2010,1,0
sunday,2008,1,0
jugni,2016,1,0
sachin:_a_billion_dreams,2017,1,0
sikander,2009,1,0
qaidi_band,2017,1,0
boyss_toh_boyss_hai,2013,1,0
bobby_jasoos,2014,1,0
karthik_calling_karthik,2010,1,0
bang_bang!,2014,1,0
jannat,2008,1,0
brahman_naman,2016,1,0
machhli_jal_ki_rani_hai,2014,1,0
bhoothnath,2008,1,0
dostana,2008,1,0
khamoshiyan:_silences_have_secrets,2015,1,0
room_,2014,1,0
days_of_tafree,2016,1,0
karle_pyaar_karle,2014,1,0
jodi_breakers,2012,1,0
shivaay,2016,1,0
a_decent_arrangement,2014,1,0
ek_kahani_julie_ki,2016,1,0
hey_bro,2015,1,0
anjur_arora_murder_case,2013,1,0
drona,2008,1,0
mr,2010,1,0
aladin,2009,1,0
aa_gaya_hero,2017,1,0
bangistan,2015,1,0
raaz_3,2012,1,0
haunted_,2011,1,0
entertainment,2014,1,0
cocktail,2012,1,0
shaitan,2011,1,0
shaadi_ke_side_effects,2014,1,0
dirty_politics,2015,1,0
go_goa_gone,2013,1,0
all_is_well,2015,1,0
my_name_is_khan,2010,1,0
game,2011,1,0
bal_ganesh_2,2009,1,0
jazbaa,2015,1,0
dil_toh_deewana_hai,2016,1,0
emi_,2008,1,0
blue,2009,1,0
aisa_yeh_jahaan,2015,1,0
student_of_the_year,2012,1,0
kidnap,2008,1,0
housefull_2,2012,1,0
bajirao_mastani,2015,1,0
action_replayy,2010,1,0
hisss,2010,1,0
shree,2013,1,0
ekkees_toppon_ki_salaami,2014,1,0
aashiqui_2,2013,1,0
money_hai_toh_honey_hai,2008,1,0
hai_apna_dil_toh_awara,2016,1,0
bhopal:_a_prayer_for_rain,2014,1,0
firaaq,2009,1,0
lucky_kabootar,2014,1,0
once_upon_a_time_in_mumbai_doobara!,2013,1,0
kis_kisko_pyaar_karoon,2015,1,0
the_stoneman_murders,2009,1,0
akira,2016,1,0
bombay_velvet,2015,1,0
jal,2014,1,0
roadside_romeo,2008,1,0
antardwand,2010,1,0
1920,2008,1,0
ishq_junoon,2016,1,0
youngistaam,2014,1,0
heartless,2014,1,0
gour_hari_dastaan,2015,1,0
fatso!,2012,1,0
yadvi_,2017,1,0
ghost,2012,1,0
bollywood_diaries,2016,1,0
x,2015,1,0
baby,2015,1,0
mr,2008,1,0
rocket_singh:_salesman_of_the_year,2009,1,0
mom,2017,1,0
mumbai_mirror,2013,1,0
marries_2_america,2012,1,0
tutak_tutak_tutiya,2016,1,0
anna,2016,1,0
barkhaa,2015,1,0
khap,2011,1,0
roar_,2014,1,0
anuradha,2014,1,0
trump_card,2010,1,0
one_two_three,2008,1,0
dongri_ka_raja,2016,1,0
ittefaq,2017,1,0
heroine,2012,1,0
sultan,2016,1,0
speedy_singhs,2011,1,0
nasha,2013,1,0
soch_lo,2010,1,0
luv_u_soniyo,2013,1,0
a_death_in_the_gunj,2017,1,0
damadamm!,2011,1,0
dulha_mil_gaya,2010,1,0
hawaizaada,2015,1,0
dilwale,2015,1,0
brothers,2015,1,0
ragini_mms,2011,1,0
mumbhai_connection,2014,1,0
gulabi_gang,2014,1,0
sadiyaan,2010,1,0
happy_ending,2014,1,0
desi_boyz,2011,1,0
bubble_gum,2011,1,0
rustom,2016,1,0
john_day,2013,1,0
simran,2017,1,0
ishq_click,2016,1,0
oye_lucky!_lucky_oye!,2008,1,0
titoo_mba,2014,1,0
angel,2011,1,0
arjun:_the_warrior_prince,2012,1,0
aurangzeb,2013,1,0
krazzy_4,2008,1,0
meine_ek_ladki_chaahiye,2014,1,0
wake_up_sid,2009,1,0
banjo,2016,1,0
kahi_hai_mera_pyar,2014,1,0
drishyam,2015,1,0
kajarya,2015,1,0
little_zizou,2009,1,0
murder_2,2011,1,0
the_waiting_room,2010,1,0
behen_hogi_teri,2017,1,0
ra,2011,1,0
luck_by_chance,2009,1,0
welcome_back,2015,1,0
begum_jaan,2017,1,0
phillauri,2017,1,0
new_york,2009,1,0
players,2012,1,0
warning,2013,1,0
ranbanka,2015,1,0
sadda_adda,2012,1,0
loveshhuda,2016,1,0
housefull_3,2016,1,0
